{
  "772be23c47071704668a4bf8912b17b141a16867.svg": {
    "title": "lifecycle_fix.svg",
    "description": "analytical lifecycle",
    "tags": [
      {
        "title": "analytical_team",
        "_id": "6086efc64e98473e7dc59e93"
      }
    ]
  },
  "3f230f0d6adca9369af167d3bfed8928d3696afd.png": {
    "title": "AF_brain.png",
    "description": "analysis function professions",
    "tags": []
  },
  "90152f1fc037b5f0df3d5eb4e53349868878603d.png": {
    "title": "retail_sales_graph",
    "description": "retail sales line graph",
    "tags": [
      {
        "title": "analysis",
        "_id": "61386b844e98473e7dc5a83e"
      },
      {
        "title": "analysis101",
        "_id": "61386b884e98473e7dc5a83f"
      }
    ]
  },
  "f575f850a3875b3d66d96de283bfcbf098bcb955.svg": {
    "title": "regression.svg",
    "description": "labelled regression plot",
    "tags": []
  },
  "c33fb2a09ddde87b3886dade305112a55e1bcedf.svg": {
    "title": "Logo blue.svg",
    "description": "twitter_logo",
    "tags": [
      {
        "title": "analytical_team",
        "_id": "6086efc64e98473e7dc59e93"
      }
    ]
  },
  "f44e0e0df60400857e84bd1a5f9a02303fa21ca2.png": {
    "title": "AF logo_3_16ths.png",
    "description": "3 16ths size analysis function logo",
    "tags": [
      {
        "title": "analytical_team",
        "_id": "6086efc64e98473e7dc59e93"
      }
    ]
  },
  "35484b718209822b01664991031cba11ca811ff1.png": {
    "title": "mis_bar_graph.png",
    "description": "misleading bar chart, due to axes",
    "tags": [
      {
        "title": "analysis",
        "_id": "61386b844e98473e7dc5a83e"
      },
      {
        "title": "analysis101",
        "_id": "61386b884e98473e7dc5a83f"
      }
    ]
  },
  "9621c16213b4aed03130079b7c3ac74ba6bca5ee.png": {
    "title": "bar_graph.png",
    "description": "bar chart with accurate axes",
    "tags": [
      {
        "title": "analysis",
        "_id": "61386b844e98473e7dc5a83e"
      },
      {
        "title": "analysis101",
        "_id": "61386b884e98473e7dc5a83f"
      }
    ]
  },
  "e8bcc9861ef50e20e61776c5761b19e3ed24afe5.png": {
    "title": "cherry_picked.png",
    "description": "cherry picked line graph (missing values)",
    "tags": [
      {
        "title": "analysis",
        "_id": "61386b844e98473e7dc5a83e"
      },
      {
        "title": "analysis101",
        "_id": "61386b884e98473e7dc5a83f"
      }
    ]
  },
  "ad36a765ea5ff0b9d705493ee1a671c0987bd492.png": {
    "title": "non_cherry_picked.png",
    "description": "line graph with all observations included",
    "tags": [
      {
        "title": "analysis",
        "_id": "61386b844e98473e7dc5a83e"
      },
      {
        "title": "analysis101",
        "_id": "61386b884e98473e7dc5a83f"
      }
    ]
  },
  "5f7f44aadca3fdf4a0b183b0ec53f9c9979980e7.png": {
    "title": "mis_pie_chart.png",
    "description": "misleading pie chart due to angle distorting size",
    "tags": [
      {
        "title": "analysis",
        "_id": "61386b844e98473e7dc5a83e"
      },
      {
        "title": "analysis101",
        "_id": "61386b884e98473e7dc5a83f"
      }
    ]
  },
  "719faea5834ed1cb04b993aed9bc57d3aa2e02bf.png": {
    "title": "pie_chart.png",
    "description": "more accurate & representative pie chart",
    "tags": [
      {
        "title": "analysis",
        "_id": "61386b844e98473e7dc5a83e"
      },
      {
        "title": "analysis101",
        "_id": "61386b884e98473e7dc5a83f"
      }
    ]
  }
}